{"cameraMode":{"drawMode":0,"name":"Shaded","section":"Shading Mode"},"sceneLighting":true,"audioPlay":false,"sceneViewState":{"m_AlwaysRefresh":false,"showFog":true,"showSkybox":true,"showFlares":true,"showImageEffects":true,"showParticleSystems":true,"showVisualEffectGraphs":true,"m_FxEnabled":true},"in2DMode":false,"pivot":{"x":40.22003173828125,"y":0.4266406297683716,"z":249.59999084472657},"rotation":{"x":-0.5613187551498413,"y":-0.008234863169491291,"z":0.012094742618501187,"w":-0.8280330896377564},"size":199.80006408691407,"orthographic":false}