{"cameraMode":{"drawMode":0,"name":"Shaded","section":"Shading Mode"},"sceneLighting":false,"audioPlay":false,"sceneViewState":{"m_AlwaysRefresh":false,"showFog":true,"showSkybox":false,"showFlares":true,"showImageEffects":true,"showParticleSystems":true,"showVisualEffectGraphs":true,"m_FxEnabled":true},"in2DMode":false,"pivot":{"x":4.210000038146973,"y":3.866641044616699,"z":22.200000762939454},"rotation":{"x":0.10213124752044678,"y":0.007454529404640198,"z":-0.0007549032452516258,"w":0.9947596788406372},"size":4.451900959014893,"orthographic":false}