{"cameraMode":{"drawMode":0,"name":"Shaded","section":"Shading Mode"},"sceneLighting":false,"audioPlay":false,"sceneViewState":{"m_AlwaysRefresh":false,"showFog":true,"showSkybox":false,"showFlares":true,"showImageEffects":true,"showParticleSystems":true,"showVisualEffectGraphs":true,"m_FxEnabled":true},"in2DMode":false,"pivot":{"x":-1.079965591430664,"y":0.4266403913497925,"z":65.40825653076172},"rotation":{"x":0.5487037897109985,"y":-0.0037652640603482725,"z":0.00247764540836215,"w":0.8360216617584229},"size":72.90868377685547,"orthographic":false}