{"cameraMode":{"drawMode":0,"name":"Shaded","section":"Shading Mode"},"sceneLighting":false,"audioPlay":false,"sceneViewState":{"m_AlwaysRefresh":false,"showFog":true,"showSkybox":false,"showFlares":true,"showImageEffects":true,"showParticleSystems":true,"showVisualEffectGraphs":true,"m_FxEnabled":true},"in2DMode":false,"pivot":{"x":4.210000038146973,"y":5.289999961853027,"z":22.200000762939454},"rotation":{"x":0.24379895627498628,"y":0.01599566638469696,"z":-0.004015906248241663,"w":0.9697035551071167},"size":48.36280822753906,"orthographic":false}